[
    {
        "name":"udp",
        "apis":[
            
        ]
    },
    {
        "name":"std",
        "apis":[
            
        ]
    },
    {
        "name":"ack",
        "apis":[
            
        ]
    },
    {
        "name":"syn",
        "apis":[
            
        ]
    },
    {
        "name":"ldap",
        "apis":[
            
        ]
    },
    {
        "name":"dvr",
        "apis":[
            
        ]
    },
    {
        "name":"plex",
        "apis":[
            
        ]
    },
    {
        "name":"addp",
        "apis":[
            
        ]
    },
    {
        "name":"dns",
        "apis":[
            
        ]
    },
    {
        "name":"qsyn",
        "apis":[
            
        ]
    }
]