{
        "HOMEv1": {
        "URL": "http://136.175.200.29/api.php?key=tcpsh101&host={host}&port={port}&time={time}&method=HOME",
        "max_time": 86400
    },
        "HOMEv2": {
        "URL": "http://136.175.200.29/api2.php?key=tcpsh101&host={host}&port={port}&time={time}&method=HOME",
        "max_time": 86400
    },
        
        "HOMEv3": {
        "URL": "http://136.175.200.29/api3.php?key=tcpsh101&host={host}&port={port}&time={time}&method=HOME",
        "max_time": 86400
    },
        "HOMEv4": {
        "URL": "http://136.175.200.29/api4.php?key=tcpsh101&host={host}&port={port}&time={time}&method=HOME",
        "max_time": 86400
        
    },
        
        "HOMEv5": {
        "URL": "http://136.175.200.29/api5.php?key=tcpsh101&host={host}&port={port}&time={time}&method=HOME",
        "max_time": 120
    },
    
        "STDv1": {
        "URL": "http://136.175.200.29/api.php?key=tcpsh101&host={host}&port={port}&time={time}&method=STD",
        "max_time": 86400
    },
        "STDv2": {
        "URL": "http://136.175.200.29/api2.php?key=tcpsh101&host={host}&port={port}&time={time}&method=STD",
        "max_time": 86400
    },
        
        "STDv3": {
        "URL": "http://136.175.200.29/api3.php?key=tcpsh101&host={host}&port={port}&time={time}&method=STD",
        "max_time": 86400
    },
        "STDv4": {
        "URL": "http://136.175.200.29/api4.php?key=tcpsh101&host={host}&port={port}&time={time}&method=STD",
        "max_time": 86400
        
    },
        
        "STDv5": {
        "URL": "http://136.175.200.29/api5.php?key=tcpsh101&host={host}&port={port}&time={time}&method=STD",
        "max_time": 120
    }
}