{
    "HOME": {
        "apis": {
            "HOMEv1": "HOME"
        },
        "time": 120
    },
    "HOME2": {
        "apis": {
            "HOMEv2": "HOME"
        },
        "time": 1203600
    },
    "HOME3": {
        "apis": {
            "HOMEv3": "HOME"
        },
        "time": 120
    },
    "HOME4": {
        "apis": {
            "HOMEv4": "HOME"
        },
        "time": 120
    },
    "HOME5": {
        "apis": {
            "HOMEv5": "HOME"
        },
        "time": 120
    },
    "STD": {
        "apis": {
            "STDv1": "STD"
        },
        "time": 120
    },
    "STD2": {
        "apis": {
            "STDv2": "STD"
        },
        "time": 120
    },
    "STD3": {
        "apis": {
            "STDv3": "STD"
        },
        "time": 120
    },
    "STD4": {
        "apis": {
            "STDv4": "STD"
        },
        "time": 120
    },
    "STD5": {
        "apis": {
            "STDv5": "STD"
        },
        "time": 120
    }
}