{
  "title":"[Re:Neko] Login",
    "username":{
        "length": 30,
        "cords": {
          "x": 26,
          "y": 9
        }
    },
    "password":{
        "length": 30,
        "cords": {
          "x": 26,
          "y": 13
        }
    },
    "submit":{
      "cords": {
        "p1": {
          "x": 34,
          "y": 15
        },
        "p2": {
          "x": 48,
          "y": 17
        }
    }
    },
    "register":{
      "cords": {
        "p1": {
          "x": 34,
          "y": 19
        },
        "p2": {
          "x": 48,
          "y": 21
        }
    }
  },
  "toggle": {
    "cord": {
      "x": 61,
      "y": 13
    },
    "on":true
  }
}