{
    "0": {
       "P1": {
          "X": 22,
          "Y": 21
       },
       "P2": {
          "X": 29,
          "Y": 23
       }
    },
    "1": {
       "P1": {
          "X": 13,
          "Y": 8
       },
       "P2": {
          "X": 19,
          "Y": 10
       }
    },
    "2": {
       "P1": {
          "X": 21,
          "Y": 8
       },
       "P2": {
          "X": 27,
          "Y": 10
       }
    },
    "3": {
       "P1": {
          "X": 29,
          "Y": 8
       },
       "P2": {
          "X": 35,
          "Y": 10
       }
    },
    "4": {
       "P1": {
          "X": 13,
          "Y": 12
       },
       "P2": {
          "X": 19,
          "Y": 14
       }
    },
    "5": {
       "P1": {
          "X": 21,
          "Y": 12
       },
       "P2": {
          "X": 27,
          "Y": 14
       }
    },
    "6": {
       "P1": {
          "X": 29,
          "Y": 12
       },
       "P2": {
          "X": 35,
          "Y": 14
       }
    },
    "7": {
       "P1": {
          "X": 13,
          "Y": 16
       },
       "P2": {
          "X": 18,
          "Y": 19
       }
    },
    "8": {
       "P1": {
          "X": 21,
          "Y": 16
       },
       "P2": {
          "X": 27,
          "Y": 18
       }
    },
    "9": {
       "P1": {
          "X": 29,
          "Y": 16
       },
       "P2": {
          "X": 35,
          "Y": 18
       }
    },
    "b": {
       "P1": {
          "X": 13,
          "Y": 20
       },
       "P2": {
          "X": 19,
          "Y": 22
       }
    },
    "e": {
       "P1": {
          "X": 29,
          "Y": 20
       },
       "P2": {
          "X": 35,
          "Y": 22
       }
    }
 }