{
    "title":"[Re:Neko] User Info and Settings",
    "password": {
        "length": 28,
        "cords": {
            "x": 50,
            "y": 17
        }
    },
    "confirm password": {
        "length": 28,
        "cords": {
            "x": 50,
            "y":19
        }
    },
    "changepassword": {
        "cords": {
            "p1": {
                "x": 55,
                "y": 20
            },
            "p2": {
                "x": 74,
                "y": 22
            }
        }
    },
    "toggle": {
        "on": true,
        "cord": {
            "x": 57,
            "y": 23
        }
    },
    "info": {
        "cord": {
            "x": 42,
            "y": 3
        },
        "height": 8,
        "width": 35
    },
    "attacks": {
        "cord": {
            "x": 4,
            "y": 13
        },
        "height": 10,
        "width": 39
    },
    "user page":{
        "cords": {
            "p1": {
                "x": 5,
                "y": 3
            },
            "p2": {
                "x": 19,
                "y": 3
            }
        }
    },
    "attack page":{
        "cords": {
            "p1": {
                "x": 5,
                "y": 5
            },
            "p2": {
                "x": 19,
                "y": 5
            }
        }
    },
    "community page":{
        "cords": {
            "p1": {
                "x": 5,
                "y": 7
            },
            "p2": {
                "x": 19,
                "y": 7
            }
        }
    },
    "admin page":{
        "cords": {
            "p1": {
                "x": 5,
                "y": 9
            },
            "p2": {
                "x": 19,
                "y": 9
            }
        }
    }
}