{
  "title":"[Re:Neko] DDoS Hub",

  "gif": {
    "name":"test-neko.gif",
    "cord": {
      "x": 23,
      "y": 6
    },
    "width": 28,
    "height": 13
  },

  "subway text": {
    "text": "I want to fuck Yae Miko",
    "length": 70,
    "cord": {
      "x": 5,
      "y": 21
    },
    "pos": 0
  },
  "methods": {
    "text":"Methods",
    "width": 21,
    "height": 5,
    "pos": 0,
    "cords": {
      
        "x": 54,
        "y": 13
      
    },
    "selected": null,
    "active": false
  },
  "host": {
    "length": 21,
    "cords": {
      "x": 54,
      "y": 4
    },
    "active": false
  },
  "port": {
    "length": 21,
    "cords": {
      "x": 54,
      "y": 7
    },
    "active": false
  },
  "duration": {
    "length": 21,
    "cords": {
      "x": 54,
      "y": 10
    },
    "active": false
  },
  "Community": {
    "cords": {
        "p1": {
          "x": 54,
          "y": 13
        },
        "p2": {
          "x": 76,
          "y": 13
        }
    }
},
  "send button": {
      "cords": {
          "p1": {
            "x": 55,
            "y": 16
          },
          "p2": {
            "x": 75,
            "y": 18
          }
      }
  },
  "user page":{
    "cords": {
        "p1": {
            "x": 5,
            "y": 3
        },
        "p2": {
            "x": 19,
            "y": 3
        }
    }
},
"attack page":{
    "cords": {
        "p1": {
            "x": 5,
            "y": 5
        },
        "p2": {
            "x": 19,
            "y": 5
        }
    }
},
"community page":{
    "cords": {
        "p1": {
            "x": 5,
            "y": 7
        },
        "p2": {
            "x": 19,
            "y": 7
        }
    }
},
"admin page":{
    "cords": {
        "p1": {
            "x": 5,
            "y": 9
        },
        "p2": {
            "x": 19,
            "y": 9
        }
    }
}
}