{
    "title":"[Re:Neko] Community Chat",
    "chat":{
        "cord": {
            "x": 27,
            "y": 4
          },
          "height":18,
          "width":48
    },
    "text":{
        "length": 46,
        "cords": {
          "x": 29,
          "y": 22
        }
    },
    "mode":{
        "cords": {
            "p1":{
          
                "x": 35,
                "y": 2
        
             },
             "p2":{
                    "x": 45,
                    "y": 2
            }
        }
    },
    "users":{
        "text":"select user",
        "width": 27,
        "height": 8,
        "cords": {
      
           "x": 47,
           "y": 2
      
        }
    },

    "attack":{
        "cords": {
        "p1":{
      
            "x": 54,
            "y": 13
       
         },
         "p2":{
                "x": 29,
                "y": 13
        }
        }
    },

    "online": {
        "cord": {
            "x": 3,
            "y": 12
        },
        "height": 10,
        "width": 18

    },
    "user page":{
        "cords": {
            "p1": {
                "x": 5,
                "y": 3
            },
            "p2": {
                "x": 19,
                "y": 3
            }
        }
    },
    "attack page":{
        "cords": {
            "p1": {
                "x": 5,
                "y": 5
            },
            "p2": {
                "x": 19,
                "y": 5
            }
        }
    },
    "community page":{
        "cords": {
            "p1": {
                "x": 5,
                "y": 7
            },
            "p2": {
                "x": 19,
                "y": 7
            }
        }
    },
    "admin page":{
        "cords": {
            "p1": {
                "x": 5,
                "y": 9
            },
            "p2": {
                "x": 19,
                "y": 9
            }
        }
    }

    
}