{
    "title":"[Re:Neko] Administrator Hub",
    "users": {
        "text": "Select user",
        "width": 21,
        "height": 8,
        "cords": {
            "x": 54,
            "y": 3
        }
    },
    "column": {
        "length": 21,
        "cords": {
            "x": 54,
            "y": 6
        }
    },
    "value": {
        "length": 21,
        "cords": {
            "x": 54,
            "y": 9
        }
    },
    "update user": {
        "cords": {
            "p1": {
                "x": 56,
                "y": 11
            },
            "p2": {
                "x": 74 ,
                "y": 13
            }
        }
    },
    "ban user": {
        "cords": {
            "p1": {
                "x": 56,
                "y": 14
            },
            "p2": {
                "x": 74,
                "y": 16
            }
        }
    },
    "unban user": {
        "cords": {
            "p1": {
                "x": 56,
                "y": 17
            },
            "p2": {
                "x": 74,
                "y": 19
            }
        }
    },
    "kick user": {
        "cords": {
            "p1": {
                "x": 56,
                "y": 20
            },
            "p2": {
                "x": 74,
                "y": 22
            }
        }
    },
    "info": {
        "cord": {
            "x": 23,
            "y": 3
        },
        "height": 7,
        "width": 28
    },
    "attacks": {
        "cord": {
            "x": 4,
            "y": 13
        },
        "height": 10,
        "width": 39
    },
    "user page":{
        "cords": {
            "p1": {
                "x": 5,
                "y": 3
            },
            "p2": {
                "x": 19,
                "y": 3
            }
        }
    },
    "attack page":{
        "cords": {
            "p1": {
                "x": 5,
                "y": 5
            },
            "p2": {
                "x": 19,
                "y": 5
            }
        }
    },
    "community page":{
        "cords": {
            "p1": {
                "x": 5,
                "y": 7
            },
            "p2": {
                "x": 19,
                "y": 7
            }
        }
    },
    "admin page":{
        "cords": {
            "p1": {
                "x": 5,
                "y": 9
            },
            "p2": {
                "x": 19,
                "y": 9
            }
        }
    }
}