{
  "serverlist": "Adderall (Server),Fentanyl (Server/Home),Advil (Server/Home), DMT (Server/Home),Mescaline (Server/Home),PCP (Server/Home),Salvia (Server/Home),Meth (Server/Home)",
  "servers": {
    "1": {
      "id": "1649748111119411478",
      "name": "network.rip",
      "hostfield": "host=",
      "portfield": "port=",
      "timefield": "time=",
      "methodfield": "method=",
      "methods": "No layer 7 methods here!"
    },
    "2": {
      "id": "7773975562550931418",
      "name": "shitty.atom.on.bottom",
      "hostfield": "host=",
      "portfield": "port=",
      "timefield": "time=",
      "methodfield": "method=",
      "methods": "webserver-rapev2"
    },
    "3": {
      "id": "8025021191363960120",
      "name": "shitty.cloudapi.cloud.on.bottom",
      "hostfield": "host=",
      "portfield": "port=",
      "timefield": "time=",
      "methodfield": "method=",
      "methods": "aws-destroy,web-node"
    },
    "4": {
      "id": "8036356436572634211",
      "name": "shitty.blaze.on.bottom",
      "hostfield": "host=",
      "portfield": "port=",
      "timefield": "time=",
      "methodfield": "method=",
      "methods": "WEBSERVERFUCK,BLAZE-AMAZON"
    },
    "5": {
      "id": "7441522195850675097",
      "name": "astrostress",
      "hostfield": "host=",
      "portfield": "port=",
      "timefield": "time=",
      "methodfield": "method=",
      "methods": "No layer 7 methods here!"
    },
    "6": {
      "id": "4083689420877216993",
      "name": "zd-stresser",
      "hostfield": "target=",
      "portfield": "port=",
      "timefield": "time=",
      "methodfield": "method=",
      "methods": "No layer 7 methods here!"
    },
    "7": {
      "id": "7042249054751238820",
      "name": "japs.getting.shit.on",
      "hostfield": "host=",
      "portfield": "port=",
      "timefield": "time=",
      "methodfield": "method=",
      "methods": "No layer 7 methods here!"
    },
    "8": {
      "id": "6067856644770116789",
      "name": "no.one.skid.cant.obf.anything.vwji",
      "hostfield": "host=",
      "portfield": "port=",
      "timefield": "time=",
      "methodfield": "method=",
      "methods": "No layer 7 methods here!"
    }
  }
}

{
	"serverlist": "Test Server,Test Server 2",
	"servers": {
		"1": {
			"username": "tcp",
			"password": "fusion",
			"source": "https://pastebin.com/raw/uKVBWBUJ",
			"protected": false,
			"location": "United States, Ohio",
			"portspeed": "10g"
		},
		"2": {
			"username": "",
			"password": "",
			"source": "",
			"protected": true,
			"location": "United States, Texas",
			"portspeed": "1g"
		}
	}
}