{
  "membership": {
    "1": { "name": "Basic", "maxtime": "1200", "servers": "1" },
    "2": { "name": "VIP", "maxtime": "3000", "servers": "2" }
  }
}

{
  "serverlist": "fbiVIP",
  "servers": {
    "1": {
      "id": "2277427556215868379",
      "name": "api.lea.kz/fbiVIP.php",
      "hostfield": "host=",
      "portfield": "port=",
      "timefield": "time=",
      "methodfield": "method=",
      "methods": "[HOME METHODS],LKZ-HOME, ,[UDP METHODS],LKZ-OPENVPN,LKZ-DOMINATE,LKZ-DSTAT,LKZ-UDP, ,[TCP METHODS],LKZ-GRE,LKZ-SYN,LKZ-SYNBYPASS,LKZ-OVHV1,LKZ-DOMINATE,LKZ-NFO, ,[GAME METHODS],LKZ-FIVEMSERV,LKZ-GAME,LKZ-COD, ,[OTHER METHODS],LKZ-DPR,LKZ-ICMP, ,[LAYER 7 METHODS],LKZ-HTTP"
    }
  }
}

1,2,3,4,5
1=15,2=15,3=15,4=15,5=15
1=1,2=2,3=2,4=4,5=6
1=300,2=600,3=900,4=1200,5=3600
