{
  "serverlist": "Adderall (Server),Fentanyl (Server/Home),Advil (Server/Home), DMT (Server/Home),Mescaline (Server/Home),PCP (Server/Home),Salvia (Server/Home),Meth (Server/Home)",
  "servers": {
    "1": {
      "id": "1649748111119411478",
      "name": "network.rip",
      "hostfield": "host=",
      "portfield": "port=",
      "timefield": "time=",
      "methodfield": "method=",
      "methods": "OPENVPN,TLS,HAND,WRA,RFLAG,TFO,ESP,GRE_TLS,GRE_IPX,UDP-BYPASS,IPSEC-BYPASS,TRIANGLE,ICMP,2K-KILL,FN-LAG,ARK-DEDI,ARK-CRASH,ARK-PS4,FIVEM-REQ,STEAM"
    },
    "2": {
      "id": "7773975562550931418",
      "name": "shitty.atom.on.bottom",
      "hostfield": "host=",
      "portfield": "port=",
      "timefield": "time=",
      "methodfield": "method=",
      "methods": "netbios,wsd,coldwar-v2,game-surge,dvr,ark-clap,fivem-tcpv2,nfo-rx-v2,redsyn-v2,nfo-rx,nfo-udpv2,vpnv2,ovh-amp-udp,nfo-udp-tcp"
    },
    "3": {
      "id": "8025021191363960120",
      "name": "shitty.cloudapi.cloud.on.bottom",
      "hostfield": "host=",
      "portfield": "port=",
      "timefield": "time=",
      "methodfield": "method=",
      "methods": "dns,aws-destroy,udpbypass,nfo-down,nfo-killer,nfo-smacker,path-rape,yubina23,dvr,r6-lag,fn-lag,game-down"
    },
    "4": {
      "id": "8036356436572634211",
      "name": "shitty.blaze.on.bottom",
      "hostfield": "host=",
      "portfield": "port=",
      "timefield": "time=",
      "methodfield": "method=",
      "methods": "DVR,PHAS-FUCK,ROCKET-RAPE,COD-RAPE,TCP-BYPASS,DEDI-KILL,CHOOPA-RAPE,BLAZE-ZOOM,K.O,OVH-ICMP,OVH-AMP,OVH-FUCK,OVH-RAPE,100UP-KILL,NFO-STEALTH,NFO-BLAZE,NFO-SLAP,HYDRA-SLEEP,HYRDA-RAPE"
    },
    "5": {
      "id": "7441522195850675097",
      "name": "astrostress",
      "hostfield": "host=",
      "portfield": "port=",
      "timefield": "time=",
      "methodfield": "method=",
      "methods": "IPMI,DVR,FORTNITE,2K,COAP,SOURCE,WSD,COLD-WAR,R6,UBIQUITI,APEX,FIVEM,STUN,ZOOM,BITTORRENT,ARD,TCP-BYPASS,UDP-BYPASS,UDP-RAPE,REDSYN,YUBINA,NAT-PMP,HYDRA,IPSEC,OPEN-VPN,MIX-SYN,REDSYNV2,AFS,OVH-UDP,OVH-UDPV2,OVH-TCP,NFO-UDP,NFO-UDPV2,NFO-TCP,NFO-TCPV2,ROBLOX,UDP-MIX-GAME,PLEX-MEDIA,SENTINEL,ARK-255,ARK-CRASH,100UP,ARK-LIFT,OVH-CPU,OVH-RAW,XSYN,ITCP,ICMP,SYNACK,SYN9,MODERN-WARFARE,GRE"
    },
    "6": {
      "id": "4083689420877216993",
      "name": "zd-stresser",
      "hostfield": "target=",
      "portfield": "port=",
      "timefield": "time=",
      "methodfield": "method=",
      "methods": "WSD,PORT-MAP,COAP,Mix-v1,Mix-v2,SYN,XMAS,XACK,Dr-SYN,EASSYN,SYN-v1,SYN-v2,Dominate,NFO_TCP,TCP-AMP,TCP-Kill,TCP-Rkill,TCP-Danger,TCP-FAILED-PACKET,REK,STORM,BYPASS - OVH,OPENVPN,UDP-MIX,DISCORD,IP-Rand,FLOOD-UDP,UDP-RANDv2,Spoofed-UDP,NFO,VSE,IPX,PING,PPTP,ABUSE,IP_Sec,TS3_Fuck,TS3_Tank,TS3_Droper,IFWSI,UFWSI,GRENADE,UFWSI-v2,VSEBYPASS,UFWSISRFSL,INJECT-Server,UFWSIMASTER-v1,UBNT - Ubnt Netword,QUICK - GOOGLE NETWORK,Arma3,GK_SAMP,GK_SAMP-v2,Gk_steam,GK_QUAKE,FiveM,FiveMDedicated,Gameserver,Minecraft-Pc,Minecraft-Ps4,Minecraft-xbox-1,Call - Call of duty,Call - Call of duty mobile"
    },
    "7": {
      "id": "7042249054751238820",
      "name": "japs.getting.shit.on",
      "hostfield": "host=",
      "portfield": "port=",
      "timefield": "time=",
      "methodfield": "method=",
      "methods": "HIROSHIMA-HOME,HOME-DEFILE,HOME-LITE,HOME-VIOLATE,DNS,WSD,LDAP,HIROSHIMA-OVH,OVH-DEFILE,HIROSHIMA-NFO,NFO-DEFILE,NFO-LITE,NFO-VIOLATE,NFO-UDP,NFO-SEIZURE,HIROSHIMA-GAME,HIROSHIMA-COLDWAR,HIROSHIMA-ARK,HIROSHIMA-FIVEM,HIROSHIMA-ROCKET,GAME-DEFILE,COLDWAR-DEFILE,DVR,HIROSHIMA-WEBv2,HIROSHIMA-AWS,HIROSHIMA-VPN,DEDI-DEFILE"
    },
    "8": {
      "id": "6067856644770116789",
      "name": "no.one.skid.cant.obf.anything.vwji",
      "hostfield": "host=",
      "portfield": "port=",
      "timefield": "time=",
      "methodfield": "method=",
      "methods": "NTP,LDAP,CHARGEN,GAME-FUCK,WSD,SNMPV2,OVH-KILL,QUAKE3,OPENVPN,SOURCE,ARD,CITRIX,DIGIMAN,DTLS,VIRTUAL-MDNS,MEMCACHED,MSSQL,OVH-GAME,VIRTUAL-TCPOVH,QOTD,VIRTUAL-STUN,WITCH,XDMCP,DVR,VIRTUAL-UDS,VIRTUAL-GAME,BITTORRENT"
    }
  }
}