{
  "title":"[Re:Neko] Registration",
    "email":{
        "length": 30,
        "cords": {
          "x": 26,
          "y": 9
        }
    },
    "username":{
        "length": 30,
        "cords": {
          "x": 26,
          "y": 12
        }
    },
    "password":{
        "length": 30,
        "cords": {
          "x": 26,
          "y": 15
        }
    },
    "submit":{
      "cords": {
        "p1": {
          "x": 34,
          "y": 20
        },
        "p2": {
          "x": 48,
          "y": 22
        }
    }
  },
  "toggle": {
    "cord": {
      "x": 61,
      "y": 15
    },
    "on":true
  }
}